ID,WHOUSEID,NAME,EMAIL
1,1,Star & Star private limited,star@sspl.com
2,1,Quantcast limited,quantcast@qcl.com
3,1,Citrusbyte private limited,citrusbyte@cpl.com
4,1,Clevertech private limited,clevertech@cltl.com
5,1,Qubit private limited,qubit@qbp.com
6,1,MobyMax private limited,mobymax@mmp.org
7,1,Toptal LLC,toptal@ttlc.org
8,1,Helloprint private limited,helloprint@hpl.com
